{
"apiVersion": "V2",
"assemblies": [
{
  "files": [
    {
      "filePath": "data_report.jsonl",
      "fileType": "DATA_REPORT",
      "uncompressedLengthBytes": "2997"
    },
    {
      "filePath": "genomic.fna",
      "fileType": "GENOMIC_NUCLEOTIDE_FASTA",
      "uncompressedLengthBytes": "30428"
    },
    {
      "filePath": "protein.faa",
      "fileType": "PROTEIN_FASTA",
      "uncompressedLengthBytes": "32211"
    },
    {
      "filePath": "virus_dataset.md",
      "fileType": "README",
      "uncompressedLengthBytes": "2431"
    }
  ]
}]}
